-- phpMyAdmin SQL Dump
-- version 5.2.1
-- https://www.phpmyadmin.net/
--
-- Host: 127.0.0.1
-- Generation Time: Dec 06, 2023 at 05:02 PM
-- Server version: 10.4.28-MariaDB
-- PHP Version: 8.2.4

SET SQL_MODE = "NO_AUTO_VALUE_ON_ZERO";
START TRANSACTION;
SET time_zone = "+00:00";


/*!40101 SET @OLD_CHARACTER_SET_CLIENT=@@CHARACTER_SET_CLIENT */;
/*!40101 SET @OLD_CHARACTER_SET_RESULTS=@@CHARACTER_SET_RESULTS */;
/*!40101 SET @OLD_COLLATION_CONNECTION=@@COLLATION_CONNECTION */;
/*!40101 SET NAMES utf8mb4 */;

--
-- Database: `edoc`
--

-- --------------------------------------------------------

--
-- Table structure for table `admin`
--

CREATE TABLE `admin` (
  `aemail` varchar(255) NOT NULL,
  `apassword` varchar(255) DEFAULT NULL
) ENGINE=MyISAM DEFAULT CHARSET=latin1 COLLATE=latin1_swedish_ci;

--
-- Dumping data for table `admin`
--

INSERT INTO `admin` (`aemail`, `apassword`) VALUES
('admin@edoc.com', '123');

-- --------------------------------------------------------

--
-- Table structure for table `appointment`
--

CREATE TABLE `appointment` (
  `appoid` int(11) NOT NULL,
  `pid` int(10) DEFAULT NULL,
  `apponum` int(3) DEFAULT NULL,
  `scheduleid` int(10) DEFAULT NULL,
  `appodate` date DEFAULT NULL,
  `updation_date` datetime(6) NOT NULL DEFAULT current_timestamp(6)
) ENGINE=MyISAM DEFAULT CHARSET=latin1 COLLATE=latin1_swedish_ci;

--
-- Dumping data for table `appointment`
--

INSERT INTO `appointment` (`appoid`, `pid`, `apponum`, `scheduleid`, `appodate`, `updation_date`) VALUES
(1, 1, 1, 1, '2022-06-03', '2023-12-06 18:44:17.911462'),
(2, 1, 2, 1, '2023-12-05', '2023-12-06 18:44:17.911462'),
(3, 1, 3, 1, '2023-12-05', '2023-12-06 18:44:17.911462'),
(4, 3, 1, 9, '2023-12-06', '2023-12-06 18:44:17.911462'),
(5, 3, 2, 9, '2023-12-06', '2023-12-06 18:44:17.911462'),
(6, 4, 4, 1, '2023-12-06', '2023-12-06 18:44:17.911462'),
(7, 4, 3, 9, '2023-12-06', '2023-12-06 18:44:17.911462');

-- --------------------------------------------------------

--
-- Table structure for table `doctor`
--

CREATE TABLE `doctor` (
  `docid` int(11) NOT NULL,
  `docemail` varchar(255) DEFAULT NULL,
  `docname` varchar(255) DEFAULT NULL,
  `docpassword` varchar(255) DEFAULT NULL,
  `docnic` varchar(15) DEFAULT NULL,
  `doctel` varchar(15) DEFAULT NULL,
  `specialties` int(2) DEFAULT NULL
) ENGINE=MyISAM DEFAULT CHARSET=latin1 COLLATE=latin1_swedish_ci;

--
-- Dumping data for table `doctor`
--

INSERT INTO `doctor` (`docid`, `docemail`, `docname`, `docpassword`, `docnic`, `doctel`, `specialties`) VALUES
(1, 'ilhan@edoc.com', 'Ilhan', '123', '000000000', '0110000000', 1),
(2, 'post@gmail.com', 'Post Malone', '12345', '1234565', '754563435', 10);

-- --------------------------------------------------------

--
-- Table structure for table `messages`
--

CREATE TABLE `messages` (
  `id` int(11) NOT NULL,
  `user` varchar(235) NOT NULL,
  `appoid` int(255) NOT NULL,
  `message` varchar(255) NOT NULL,
  `textcolor` varchar(20) NOT NULL
) ENGINE=InnoDB DEFAULT CHARSET=latin1 COLLATE=latin1_swedish_ci;

--
-- Dumping data for table `messages`
--

INSERT INTO `messages` (`id`, `user`, `appoid`, `message`, `textcolor`) VALUES
(1, 'Argie Policarpio', 0, 'I made this chat application', '#40F2FF');

-- --------------------------------------------------------

--
-- Table structure for table `patient`
--

CREATE TABLE `patient` (
  `pid` int(11) NOT NULL,
  `pemail` varchar(255) DEFAULT NULL,
  `pname` varchar(255) DEFAULT NULL,
  `ppassword` varchar(255) DEFAULT NULL,
  `paddress` varchar(255) DEFAULT NULL,
  `pnic` varchar(15) DEFAULT NULL,
  `pdob` date DEFAULT NULL,
  `ptel` varchar(15) DEFAULT NULL
) ENGINE=MyISAM DEFAULT CHARSET=latin1 COLLATE=latin1_swedish_ci;

--
-- Dumping data for table `patient`
--

INSERT INTO `patient` (`pid`, `pemail`, `pname`, `ppassword`, `paddress`, `pnic`, `pdob`, `ptel`) VALUES
(1, 'patient@edoc.com', 'Test Patient', '123', 'Sri Lanka', '0000000000', '2000-01-01', '0120000000'),
(2, 'emhashenudara@gmail.com', 'Hashen Udara', '123', 'Sri Lanka', '0110000000', '2022-06-03', '0700000000'),
(3, 'sham@gmail.com', 'Sham Karani', '54321', 'mombasa', '334455', '2002-12-07', '0732424355'),
(4, 'bella@gmail.com', 'bella hadid', 'bella', 'mombasa 80100', '1234', '2000-11-12', '0700853303');

-- --------------------------------------------------------

--
-- Table structure for table `schedule`
--

CREATE TABLE `schedule` (
  `scheduleid` int(11) NOT NULL,
  `docid` varchar(255) DEFAULT NULL,
  `title` varchar(255) DEFAULT NULL,
  `scheduledate` date DEFAULT NULL,
  `scheduletime` time DEFAULT NULL,
  `nop` int(4) DEFAULT NULL
) ENGINE=MyISAM DEFAULT CHARSET=latin1 COLLATE=latin1_swedish_ci;

--
-- Dumping data for table `schedule`
--

INSERT INTO `schedule` (`scheduleid`, `docid`, `title`, `scheduledate`, `scheduletime`, `nop`) VALUES
(1, '1', 'Test Session', '2050-01-01', '18:00:00', 50),
(2, '1', '1', '2022-06-10', '20:36:00', 1),
(3, '1', '12', '2022-06-10', '20:33:00', 1),
(4, '1', '1', '2022-06-10', '12:32:00', 1),
(5, '1', '1', '2022-06-10', '20:35:00', 1),
(6, '1', '12', '2022-06-10', '20:35:00', 1),
(7, '1', '1', '2022-06-24', '20:36:00', 1),
(8, '1', '12', '2022-06-10', '13:33:00', 1),
(9, '2', 'Education and Growth', '2023-12-07', '10:30:00', 10);

-- --------------------------------------------------------

--
-- Table structure for table `specialties`
--

CREATE TABLE `specialties` (
  `id` int(2) NOT NULL,
  `sname` varchar(50) DEFAULT NULL
) ENGINE=MyISAM DEFAULT CHARSET=latin1 COLLATE=latin1_swedish_ci;

--
-- Dumping data for table `specialties`
--

INSERT INTO `specialties` (`id`, `sname`) VALUES
(1, ' Love & Relationships'),
(2, ' Friendship & Social'),
(3, ' Education & Growth'),
(4, ' Mental Health & Well-being'),
(5, 'Career & Goals'),
(6, 'Creativity & Arts'),
(7, ' Wellness & Relaxation'),
(8, 'Sleep & Rest'),
(9, ' Emotional Support'),
(10, ' Communication Skills'),
(11, 'Mental Clarity'),
(12, ' Inspiration & Ideas');

-- --------------------------------------------------------

--
-- Table structure for table `webuser`
--

CREATE TABLE `webuser` (
  `email` varchar(255) NOT NULL,
  `usertype` char(1) DEFAULT NULL
) ENGINE=MyISAM DEFAULT CHARSET=latin1 COLLATE=latin1_swedish_ci;

--
-- Dumping data for table `webuser`
--

INSERT INTO `webuser` (`email`, `usertype`) VALUES
('admin@edoc.com', 'a'),
('ilhan@edoc.com', 'd'),
('patient@edoc.com', 'p'),
('emhashenudara@gmail.com', 'p'),
('post@gmail.com', 'd'),
('sham@gmail.com', 'p'),
('bella@gmail.com', 'p');

--
-- Indexes for dumped tables
--

--
-- Indexes for table `admin`
--
ALTER TABLE `admin`
  ADD PRIMARY KEY (`aemail`);

--
-- Indexes for table `appointment`
--
ALTER TABLE `appointment`
  ADD PRIMARY KEY (`appoid`),
  ADD KEY `pid` (`pid`),
  ADD KEY `scheduleid` (`scheduleid`);

--
-- Indexes for table `doctor`
--
ALTER TABLE `doctor`
  ADD PRIMARY KEY (`docid`),
  ADD KEY `specialties` (`specialties`);

--
-- Indexes for table `messages`
--
ALTER TABLE `messages`
  ADD PRIMARY KEY (`id`);

--
-- Indexes for table `patient`
--
ALTER TABLE `patient`
  ADD PRIMARY KEY (`pid`);

--
-- Indexes for table `schedule`
--
ALTER TABLE `schedule`
  ADD PRIMARY KEY (`scheduleid`),
  ADD KEY `docid` (`docid`);

--
-- Indexes for table `specialties`
--
ALTER TABLE `specialties`
  ADD PRIMARY KEY (`id`);

--
-- Indexes for table `webuser`
--
ALTER TABLE `webuser`
  ADD PRIMARY KEY (`email`);

--
-- AUTO_INCREMENT for dumped tables
--

--
-- AUTO_INCREMENT for table `appointment`
--
ALTER TABLE `appointment`
  MODIFY `appoid` int(11) NOT NULL AUTO_INCREMENT, AUTO_INCREMENT=8;

--
-- AUTO_INCREMENT for table `doctor`
--
ALTER TABLE `doctor`
  MODIFY `docid` int(11) NOT NULL AUTO_INCREMENT, AUTO_INCREMENT=3;

--
-- AUTO_INCREMENT for table `messages`
--
ALTER TABLE `messages`
  MODIFY `id` int(11) NOT NULL AUTO_INCREMENT, AUTO_INCREMENT=2;

--
-- AUTO_INCREMENT for table `patient`
--
ALTER TABLE `patient`
  MODIFY `pid` int(11) NOT NULL AUTO_INCREMENT, AUTO_INCREMENT=5;

--
-- AUTO_INCREMENT for table `schedule`
--
ALTER TABLE `schedule`
  MODIFY `scheduleid` int(11) NOT NULL AUTO_INCREMENT, AUTO_INCREMENT=10;
COMMIT;

/*!40101 SET CHARACTER_SET_CLIENT=@OLD_CHARACTER_SET_CLIENT */;
/*!40101 SET CHARACTER_SET_RESULTS=@OLD_CHARACTER_SET_RESULTS */;
/*!40101 SET COLLATION_CONNECTION=@OLD_COLLATION_CONNECTION */;
